Class	Name
1	cluster0
1	cluster0
1	cluster0
1	cluster0
1	cluster0
1	cluster0
1	cluster0
1	cluster0
1	cluster0
1	cluster0
1	cluster0
1	cluster0
1	cluster0
1	cluster0
1	cluster0
1	cluster0
1	cluster0
1	cluster0
1	cluster0
1	cluster0
2	cluster0
2	cluster0
2	cluster0
2	cluster0
2	cluster0
2	cluster0
2	cluster0
2	cluster0
2	cluster0
2	cluster0
2	cluster0
2	cluster0
2	cluster0
2	cluster0
3	cluster1
3	cluster1
3	cluster1
3	cluster1
3	cluster1
3	cluster1
3	cluster1
3	cluster1
3	cluster1
3	cluster1
3	cluster1
3	cluster1
3	cluster1
3	cluster1
3	cluster1
3	cluster1
3	cluster1
3	cluster1
3	cluster1
3	cluster1
4	cluster1
4	cluster1
4	cluster1
4	cluster1
4	cluster1
4	cluster1
4	cluster1
4	cluster1
4	cluster1
4	cluster1
4	cluster1
4	cluster1
4	cluster1
4	cluster1
4	cluster1
4	cluster1
4	cluster1
4	cluster1
4	cluster1
4	cluster1
5	cluster1
5	cluster1
5	cluster1
5	cluster1
5	cluster1
5	cluster1
5	cluster1
5	cluster1
5	cluster1
5	cluster1
5	cluster1
5	cluster1
5	cluster1
5	cluster1
5	cluster1
5	cluster1
5	cluster1
5	cluster1
6	cluster2
6	cluster2
6	cluster2
6	cluster2
6	cluster2
6	cluster2
6	cluster2
6	cluster2
6	cluster2
6	cluster2
6	cluster2
6	cluster2
6	cluster2
6	cluster2
6	cluster2
6	cluster2
6	cluster2
6	cluster2
6	cluster2
6	cluster2
7	cluster2
7	cluster2
7	cluster2
7	cluster2
7	cluster2
7	cluster2
7	cluster2
7	cluster2
7	cluster2
7	cluster2
7	cluster2
7	cluster2
7	cluster2
7	cluster2
7	cluster2
7	cluster2
7	cluster2
7	cluster2
7	cluster2
7	cluster2
8	cluster2
8	cluster2
8	cluster2
8	cluster2
8	cluster2
8	cluster2
8	cluster2
8	cluster2
8	cluster2
8	cluster2
8	cluster2
8	cluster2
8	cluster2
8	cluster2
8	cluster2
8	cluster2
8	cluster2
8	cluster2
8	cluster2
8	cluster2
9	cluster2
9	cluster2
9	cluster2
9	cluster2
9	cluster2
9	cluster2
9	cluster2
9	cluster2
9	cluster2
9	cluster2
9	cluster2
9	cluster2
9	cluster2
9	cluster2
9	cluster2
9	cluster2
9	cluster2
9	cluster2
9	cluster2
9	cluster2
10	cluster2
10	cluster2
10	cluster2
10	cluster2
10	cluster2
10	cluster2
10	cluster2
11	cluster3
11	cluster3
11	cluster3
11	cluster3
11	cluster3
11	cluster3
11	cluster3
11	cluster3
11	cluster3
11	cluster3
11	cluster3
11	cluster3
11	cluster3
11	cluster3
11	cluster3
11	cluster3
11	cluster3
11	cluster3
11	cluster3
11	cluster3
12	cluster3
12	cluster3
12	cluster3
12	cluster3
12	cluster3
12	cluster3
12	cluster3
12	cluster3
12	cluster3
12	cluster3
12	cluster3
12	cluster3
12	cluster3
12	cluster3
12	cluster3
12	cluster3
12	cluster3
12	cluster3
13	cluster4
13	cluster4
13	cluster4
13	cluster4
13	cluster4
13	cluster4
13	cluster4
13	cluster4
13	cluster4
13	cluster4
13	cluster4
13	cluster4
13	cluster4
13	cluster4
13	cluster4
13	cluster4
13	cluster4
13	cluster4
13	cluster4
13	cluster4
14	cluster4
14	cluster4
14	cluster4
14	cluster4
14	cluster4
14	cluster4
14	cluster4
14	cluster4
14	cluster4
14	cluster4
14	cluster4
14	cluster4
14	cluster4
14	cluster4
14	cluster4
14	cluster4
14	cluster4
14	cluster4
14	cluster4
14	cluster4
15	cluster4
15	cluster4
15	cluster4
15	cluster4
15	cluster4
15	cluster4
15	cluster4
15	cluster4
15	cluster4
15	cluster4
15	cluster4
15	cluster4
15	cluster4
15	cluster4
15	cluster4
15	cluster4
15	cluster4
15	cluster4
15	cluster4
15	cluster4
16	cluster4
16	cluster4
16	cluster4
17	cluster5
17	cluster5
17	cluster5
17	cluster5
17	cluster5
17	cluster5
17	cluster5
17	cluster5
17	cluster5
17	cluster5
17	cluster5
17	cluster5
17	cluster5
17	cluster5
17	cluster5
17	cluster5
17	cluster5
17	cluster5
17	cluster5
17	cluster5
18	cluster5
18	cluster5
18	cluster5
18	cluster5
18	cluster5
18	cluster5
18	cluster5
18	cluster5
18	cluster5
18	cluster5
18	cluster5
18	cluster5
18	cluster5
18	cluster5
18	cluster5
18	cluster5
18	cluster5
18	cluster5
18	cluster5
18	cluster5
19	cluster5
19	cluster5
19	cluster5
19	cluster5
19	cluster5
19	cluster5
19	cluster5
19	cluster5
19	cluster5
19	cluster5
19	cluster5
19	cluster5
19	cluster5
19	cluster5
19	cluster5
19	cluster5
19	cluster5
19	cluster5
19	cluster5
19	cluster5
20	cluster5
20	cluster5
20	cluster5
20	cluster5
20	cluster5
20	cluster5
20	cluster5
20	cluster5
20	cluster5
20	cluster5
20	cluster5
20	cluster5
20	cluster5
21	cluster6
21	cluster6
21	cluster6
21	cluster6
21	cluster6
21	cluster6
21	cluster6
21	cluster6
21	cluster6
21	cluster6
21	cluster6
21	cluster6
21	cluster6
21	cluster6
21	cluster6
21	cluster6
21	cluster6
21	cluster6
21	cluster6
21	cluster6
22	cluster6
22	cluster6
22	cluster6
22	cluster6
22	cluster6
22	cluster6
22	cluster6
22	cluster6
22	cluster6
22	cluster6
22	cluster6
22	cluster6
22	cluster6
22	cluster6
22	cluster6
22	cluster6
22	cluster6
22	cluster6
23	cluster7
23	cluster7
23	cluster7
23	cluster7
23	cluster7
23	cluster7
23	cluster7
23	cluster7
23	cluster7
23	cluster7
23	cluster7
23	cluster7
23	cluster7
23	cluster7
23	cluster7
23	cluster7
23	cluster7
23	cluster7
23	cluster7
23	cluster7
24	cluster7
24	cluster7
24	cluster7
24	cluster7
24	cluster7
24	cluster7
24	cluster7
24	cluster7
24	cluster7
24	cluster7
24	cluster7
24	cluster7
24	cluster7
24	cluster7
24	cluster7
24	cluster7
24	cluster7
24	cluster7
24	cluster7
24	cluster7
25	cluster7
25	cluster7
25	cluster7
25	cluster7
25	cluster7
25	cluster7
25	cluster7
25	cluster7
25	cluster7
25	cluster7
25	cluster7
25	cluster7
25	cluster7
26	cluster8
26	cluster8
26	cluster8
26	cluster8
26	cluster8
26	cluster8
26	cluster8
26	cluster8
26	cluster8
26	cluster8
26	cluster8
26	cluster8
26	cluster8
26	cluster8
26	cluster8
26	cluster8
26	cluster8
26	cluster8
26	cluster8
26	cluster8
27	cluster8
27	cluster8
27	cluster8
27	cluster8
27	cluster8
27	cluster8
27	cluster8
27	cluster8
27	cluster8
27	cluster8
27	cluster8
27	cluster8
27	cluster8
27	cluster8
27	cluster8
27	cluster8
27	cluster8
27	cluster8
27	cluster8
27	cluster8
28	cluster8
29	cluster9
29	cluster9
29	cluster9
29	cluster9
29	cluster9
29	cluster9
29	cluster9
29	cluster9
29	cluster9
29	cluster9
29	cluster9
29	cluster9
29	cluster9
29	cluster9
29	cluster9
29	cluster9
29	cluster9
29	cluster9
29	cluster9
29	cluster9
30	cluster9
30	cluster9
30	cluster9
30	cluster9
30	cluster9
30	cluster9
30	cluster9
30	cluster9
30	cluster9
30	cluster9
30	cluster9
30	cluster9
30	cluster9
30	cluster9
30	cluster9
30	cluster9
30	cluster9
30	cluster9
30	cluster9
31	cluster10
31	cluster10
31	cluster10
31	cluster10
31	cluster10
31	cluster10
31	cluster10
31	cluster10
31	cluster10
31	cluster10
31	cluster10
31	cluster10
31	cluster10
31	cluster10
31	cluster10
31	cluster10
31	cluster10
31	cluster10
31	cluster10
31	cluster10
32	cluster10
32	cluster10
32	cluster10
32	cluster10
32	cluster10
32	cluster10
32	cluster10
32	cluster10
32	cluster10
32	cluster10
32	cluster10
32	cluster10
32	cluster10
32	cluster10
32	cluster10
32	cluster10
32	cluster10
32	cluster10
32	cluster10
32	cluster10
33	cluster10
33	cluster10
33	cluster10
33	cluster10
33	cluster10
34	cluster11
34	cluster11
34	cluster11
34	cluster11
34	cluster11
34	cluster11
34	cluster11
34	cluster11
34	cluster11
34	cluster11
34	cluster11
34	cluster11
34	cluster11
34	cluster11
34	cluster11
34	cluster11
34	cluster11
34	cluster11
34	cluster11
34	cluster11
35	cluster11
35	cluster11
35	cluster11
35	cluster11
35	cluster11
35	cluster11
35	cluster11
35	cluster11
35	cluster11
35	cluster11
35	cluster11
35	cluster11
35	cluster11
35	cluster11
35	cluster11
35	cluster11
35	cluster11
35	cluster11
35	cluster11
35	cluster11
36	cluster11
36	cluster11
36	cluster11
36	cluster11
36	cluster11
36	cluster11
36	cluster11
36	cluster11
36	cluster11
36	cluster11
36	cluster11
36	cluster11
36	cluster11
36	cluster11
36	cluster11
36	cluster11
36	cluster11
36	cluster11
36	cluster11
36	cluster11
37	cluster11
37	cluster11
37	cluster11
37	cluster11
37	cluster11
37	cluster11
37	cluster11
37	cluster11
37	cluster11
37	cluster11
37	cluster11
37	cluster11
37	cluster11
37	cluster11
37	cluster11
37	cluster11
37	cluster11
38	cluster12
38	cluster12
38	cluster12
38	cluster12
38	cluster12
38	cluster12
38	cluster12
38	cluster12
38	cluster12
38	cluster12
38	cluster12
38	cluster12
38	cluster12
38	cluster12
38	cluster12
38	cluster12
38	cluster12
38	cluster12
38	cluster12
38	cluster12
39	cluster12
39	cluster12
39	cluster12
39	cluster12
39	cluster12
39	cluster12
39	cluster12
39	cluster12
39	cluster12
39	cluster12
39	cluster12
39	cluster12
39	cluster12
39	cluster12
39	cluster12
39	cluster12
39	cluster12
39	cluster12
39	cluster12
39	cluster12
40	cluster12
40	cluster12
41	cluster13
41	cluster13
41	cluster13
41	cluster13
41	cluster13
41	cluster13
41	cluster13
41	cluster13
41	cluster13
41	cluster13
41	cluster13
41	cluster13
41	cluster13
41	cluster13
41	cluster13
41	cluster13
41	cluster13
41	cluster13
41	cluster13
41	cluster13
42	cluster13
42	cluster13
42	cluster13
42	cluster13
42	cluster13
42	cluster13
42	cluster13
42	cluster13
42	cluster13
43	cluster14
43	cluster14
43	cluster14
43	cluster14
43	cluster14
43	cluster14
43	cluster14
43	cluster14
43	cluster14
43	cluster14
43	cluster14
43	cluster14
43	cluster14
43	cluster14
43	cluster14
43	cluster14
43	cluster14
43	cluster14
43	cluster14
43	cluster14
44	cluster14
44	cluster14
44	cluster14
44	cluster14
44	cluster14
44	cluster14
44	cluster14
44	cluster14
44	cluster14
44	cluster14
44	cluster14
44	cluster14
44	cluster14
44	cluster14
44	cluster14
44	cluster14
44	cluster14
44	cluster14
44	cluster14
44	cluster14
45	cluster14
45	cluster14
45	cluster14
45	cluster14
45	cluster14
45	cluster14
45	cluster14
45	cluster14
45	cluster14
45	cluster14
45	cluster14
45	cluster14
45	cluster14
45	cluster14
45	cluster14
45	cluster14
45	cluster14
